BEGIN
INSERT [dbo].[Usuario] ([Id_usuario], [Nombre_Usuario], [IdPregunta], [Respuesta], [Email], [DNI], [Contraseña], [Salt]) VALUES (N'5f6cbe7f-1472-418c-9d15-044142ad8825', N'Yonatan.Ortega', N'd037ef91-dfb4-4c1d-a2ae-0c7092ee06e2', N'Pedro', N'Ortega@gmail.com', N'98765378', N'ssdfsdf807923jn', NULL)
INSERT [dbo].[Usuario] ([Id_usuario], [Nombre_Usuario], [IdPregunta], [Respuesta], [Email], [DNI], [Contraseña], [Salt]) VALUES (N'e36ebb56-fc57-482c-b642-2b6674e85c96', N'Laura.Velazco', N'317ff8ba-096a-4a11-a258-64dd1ce65a79', N'Clio', N'VelazcoL@gmail.com', N'2342342342', N'lksjdfhsdñfjwlehbf', NULL)
INSERT [dbo].[Usuario] ([Id_usuario], [Nombre_Usuario], [IdPregunta], [Respuesta], [Email], [DNI], [Contraseña], [Salt]) VALUES (N'00bf5dd5-47e7-49da-975a-4ce64d8d1c4c', N'Joaquin.Kora', N'6c87109c-9fd2-4a50-bd0b-8350bcc35e47', N'PEPE', N'Kora.J@gmail.com', N'9273628934', N'sdfsdfsdfs8023hj2nfc', NULL)
INSERT [dbo].[Usuario] ([Id_usuario], [Nombre_Usuario], [IdPregunta], [Respuesta], [Email], [DNI], [Contraseña], [Salt]) VALUES (N'652ad86e-b4c4-4419-80c4-88877a36cea0', N'Matias.Vera', N'6c87109c-9fd2-4a50-bd0b-8350bcc35e47', N'Miau', N'Vera.ja@gmail.com', N'997657833', N'sdcsdcsdcsdñkjcso8yycs', NULL)
INSERT [dbo].[Usuario] ([Id_usuario], [Nombre_Usuario], [IdPregunta], [Respuesta], [Email], [DNI], [Contraseña], [Salt]) VALUES (N'83362b52-398b-4376-8e6c-cab7f96a732b', N'Luis.Salinas', N'1fbf4f00-cbcb-4b47-a87c-8680511c8d4a', N'Rojo', N'Salinas.La@gmail.com', N'223422344', N'dfvddf', NULL)
INSERT [dbo].[Usuario] ([Id_usuario], [Nombre_Usuario], [IdPregunta], [Respuesta], [Email], [DNI], [Contraseña], [Salt]) VALUES (N'd20aaf4b-7d4e-4f10-8384-d1c91b9293cc', N'Jorge.Pedro', N'317ff8ba-096a-4a11-a258-64dd1ce65a79', N'Palio', N'jorge@gmail.com', N'7865773665', N'Yhjhghjj', NULL)
UPDATE dbo.Usuario
SET IDPREGUNTA = '1FBF4F00-CBCB-4B47-A87C-8680511C8D4A',
	rESPUESTA = 'Verde',
	EMAIL = 'Cristian.Lopez4@gmail.com'
WHERE ID_USUARIO = 'BAE9E34E-B203-4AD0-9B68-AB831E74A423'	;

UPDATE dbo.Usuario
SET IDPREGUNTA = '317FF8BA-096A-4A11-A258-64DD1CE65A79',
	rESPUESTA = 'Peugeot 206',
	EMAIL= 'Cristian.Lopez4@gmail.com'
WHERE ID_USUARIO = '1EB89FA0-EC5B-4F29-AC71-FCD99A5887E4'	;

INSERT [dbo].[Token] ([Id_token], [Id_usuario], [salt], [Token], [Expiracion]) VALUES (N'a57eb747-f4b9-4699-862c-201b6e0e8c6c', N'e36ebb56-fc57-482c-b642-2b6674e85c96', N'e36ebb56-fc57-482c-b642-2b6674e85c96', N'TGF1cmEuVmVsYXpjbw==', CAST(0x0000AED300A4351F AS DateTime))
INSERT [dbo].[Token] ([Id_token], [Id_usuario], [salt], [Token], [Expiracion]) VALUES (N'b9e3c015-d4fe-4962-a035-57dc85c8f7ea', N'd20aaf4b-7d4e-4f10-8384-d1c91b9293cc', N'd20aaf4b-7d4e-4f10-8384-d1c91b9293cc', N'Sm9yZ2UuUGVkcm8=', CAST(0x0000AED300A5BB5C AS DateTime))
INSERT [dbo].[Token] ([Id_token], [Id_usuario], [salt], [Token], [Expiracion]) VALUES (N'ad3638c1-5c6e-47ae-a6c3-7d50cf004477', N'00bf5dd5-47e7-49da-975a-4ce64d8d1c4c', N'00bf5dd5-47e7-49da-975a-4ce64d8d1c4c', N'Sm9hcXVpbi5Lb3Jh', CAST(0x0000AED300A5D467 AS DateTime))
INSERT [dbo].[Token] ([Id_token], [Id_usuario], [salt], [Token], [Expiracion]) VALUES (N'0a9ed6dd-ba47-4fd6-9b76-8f35276a2303', N'bae9e34e-b203-4ad0-9b68-ab831e74a423', N'bae9e34e-b203-4ad0-9b68-ab831e74a423', N'Q3Jpc3RpYW5fMzI3', CAST(0x0000AED300A5E89C AS DateTime))
INSERT [dbo].[Token] ([Id_token], [Id_usuario], [salt], [Token], [Expiracion]) VALUES (N'f4071dbb-d109-4ce2-8074-d85807cd41a0', N'652ad86e-b4c4-4419-80c4-88877a36cea0', N'652ad86e-b4c4-4419-80c4-88877a36cea0', N'TWF0aWFzLlZlcmE=', CAST(0x0000AED300A5F404 AS DateTime))
INSERT [dbo].[Token] ([Id_token], [Id_usuario], [salt], [Token], [Expiracion]) VALUES (N'6484840e-6593-4b0b-91ef-e43bab6491e1', N'1eb89fa0-ec5b-4f29-ac71-fcd99a5887e4', N'1eb89fa0-ec5b-4f29-ac71-fcd99a5887e4', N'RXplcXVpZWxfNzY3', CAST(0x0000AED300A603FB AS DateTime))
INSERT [dbo].[Token] ([Id_token], [Id_usuario], [salt], [Token], [Expiracion]) VALUES (N'23d87cd0-2b63-449e-8e1b-ff4994168736', N'83362b52-398b-4376-8e6c-cab7f96a732b', N'83362b52-398b-4376-8e6c-cab7f96a732b', N'THVpcy5TYWxpbmFz', CAST(0x0000AED300A60CE8 AS DateTime))
 
INSERT [dbo].[Pregunta_seguridad] ([Id_Pregunta_Seguridad], [Pregunta_seguridad]) VALUES (N'd037ef91-dfb4-4c1d-a2ae-0c7092ee06e2', N'¿Cuál es el nombre de tu abuelo?')
INSERT [dbo].[Pregunta_seguridad] ([Id_Pregunta_Seguridad], [Pregunta_seguridad]) VALUES (N'317ff8ba-096a-4a11-a258-64dd1ce65a79', N'¿Cuál fue tu primer auto?')
INSERT [dbo].[Pregunta_seguridad] ([Id_Pregunta_Seguridad], [Pregunta_seguridad]) VALUES (N'6c87109c-9fd2-4a50-bd0b-8350bcc35e47', N'¿Cuál es el nombre de tu gato?')
INSERT [dbo].[Pregunta_seguridad] ([Id_Pregunta_Seguridad], [Pregunta_seguridad]) VALUES (N'1fbf4f00-cbcb-4b47-a87c-8680511c8d4a', N'¿Cuál es tu color favorito?')

INSERT [dbo].[Permiso] ([Id_permiso], [Permiso]) VALUES (N'da3e3bb9-abf7-4f2a-a1cc-187b4c23f91f', N'Actualización de Clientes')
INSERT [dbo].[Permiso] ([Id_permiso], [Permiso]) VALUES (N'5e579f36-7059-4212-a80a-30c9b6eb1848', N'Lectura de Ventas')
INSERT [dbo].[Permiso] ([Id_permiso], [Permiso]) VALUES (N'7480d3f6-dc14-4aa9-a232-56563bdc2448', N'Actualización de Pedidos')
INSERT [dbo].[Permiso] ([Id_permiso], [Permiso]) VALUES (N'333f943a-4198-4ac0-8cc7-5a01bbb72a2c', N'Lectura de Bitácora')
INSERT [dbo].[Permiso] ([Id_permiso], [Permiso]) VALUES (N'f47cd724-9e72-4667-8437-74823fd0bea7', N'Lectura de Clientes')
INSERT [dbo].[Permiso] ([Id_permiso], [Permiso]) VALUES (N'00b1fc06-df21-4a1d-9712-a8edd54bfbd9', N'Actualización de Ventas')
INSERT [dbo].[Permiso] ([Id_permiso], [Permiso]) VALUES (N'1aca42d9-137d-4e29-a37e-b9fab17c7426', N'Lectura de Pedidos')
INSERT [dbo].[Permiso] ([Id_permiso], [Permiso]) VALUES (N'923e5de6-8f4c-4894-a313-f10ab2c822e1', N'Lectura de Productos')
INSERT [dbo].[Permiso] ([Id_permiso], [Permiso]) VALUES (N'5986d467-87e4-4752-96ab-f4b41a0c3ffa', N'Actualización de Productos')

 
  
INSERT [dbo].[Usuario_Permiso] ([Id_usuario], [Id_permiso]) VALUES (N'5f6cbe7f-1472-418c-9d15-044142ad8825', N'da3e3bb9-abf7-4f2a-a1cc-187b4c23f91f')
INSERT [dbo].[Usuario_Permiso] ([Id_usuario], [Id_permiso]) VALUES (N'5f6cbe7f-1472-418c-9d15-044142ad8825', N'5e579f36-7059-4212-a80a-30c9b6eb1848')
INSERT [dbo].[Usuario_Permiso] ([Id_usuario], [Id_permiso]) VALUES (N'5f6cbe7f-1472-418c-9d15-044142ad8825', N'7480d3f6-dc14-4aa9-a232-56563bdc2448')
INSERT [dbo].[Usuario_Permiso] ([Id_usuario], [Id_permiso]) VALUES (N'5f6cbe7f-1472-418c-9d15-044142ad8825', N'333f943a-4198-4ac0-8cc7-5a01bbb72a2c')
INSERT [dbo].[Usuario_Permiso] ([Id_usuario], [Id_permiso]) VALUES (N'5f6cbe7f-1472-418c-9d15-044142ad8825', N'f47cd724-9e72-4667-8437-74823fd0bea7')
INSERT [dbo].[Usuario_Permiso] ([Id_usuario], [Id_permiso]) VALUES (N'5f6cbe7f-1472-418c-9d15-044142ad8825', N'00b1fc06-df21-4a1d-9712-a8edd54bfbd9')
INSERT [dbo].[Usuario_Permiso] ([Id_usuario], [Id_permiso]) VALUES (N'5f6cbe7f-1472-418c-9d15-044142ad8825', N'1aca42d9-137d-4e29-a37e-b9fab17c7426')
INSERT [dbo].[Usuario_Permiso] ([Id_usuario], [Id_permiso]) VALUES (N'5f6cbe7f-1472-418c-9d15-044142ad8825', N'923e5de6-8f4c-4894-a313-f10ab2c822e1')
INSERT [dbo].[Usuario_Permiso] ([Id_usuario], [Id_permiso]) VALUES (N'5f6cbe7f-1472-418c-9d15-044142ad8825', N'5986d467-87e4-4752-96ab-f4b41a0c3ffa')
INSERT [dbo].[Usuario_Permiso] ([Id_usuario], [Id_permiso]) VALUES (N'e36ebb56-fc57-482c-b642-2b6674e85c96', N'da3e3bb9-abf7-4f2a-a1cc-187b4c23f91f')
INSERT [dbo].[Usuario_Permiso] ([Id_usuario], [Id_permiso]) VALUES (N'e36ebb56-fc57-482c-b642-2b6674e85c96', N'5e579f36-7059-4212-a80a-30c9b6eb1848')
INSERT [dbo].[Usuario_Permiso] ([Id_usuario], [Id_permiso]) VALUES (N'e36ebb56-fc57-482c-b642-2b6674e85c96', N'7480d3f6-dc14-4aa9-a232-56563bdc2448')
INSERT [dbo].[Usuario_Permiso] ([Id_usuario], [Id_permiso]) VALUES (N'e36ebb56-fc57-482c-b642-2b6674e85c96', N'333f943a-4198-4ac0-8cc7-5a01bbb72a2c')
INSERT [dbo].[Usuario_Permiso] ([Id_usuario], [Id_permiso]) VALUES (N'e36ebb56-fc57-482c-b642-2b6674e85c96', N'f47cd724-9e72-4667-8437-74823fd0bea7')
INSERT [dbo].[Usuario_Permiso] ([Id_usuario], [Id_permiso]) VALUES (N'e36ebb56-fc57-482c-b642-2b6674e85c96', N'00b1fc06-df21-4a1d-9712-a8edd54bfbd9')
INSERT [dbo].[Usuario_Permiso] ([Id_usuario], [Id_permiso]) VALUES (N'e36ebb56-fc57-482c-b642-2b6674e85c96', N'1aca42d9-137d-4e29-a37e-b9fab17c7426')
INSERT [dbo].[Usuario_Permiso] ([Id_usuario], [Id_permiso]) VALUES (N'e36ebb56-fc57-482c-b642-2b6674e85c96', N'923e5de6-8f4c-4894-a313-f10ab2c822e1')
INSERT [dbo].[Usuario_Permiso] ([Id_usuario], [Id_permiso]) VALUES (N'e36ebb56-fc57-482c-b642-2b6674e85c96', N'5986d467-87e4-4752-96ab-f4b41a0c3ffa')
INSERT [dbo].[Usuario_Permiso] ([Id_usuario], [Id_permiso]) VALUES (N'00bf5dd5-47e7-49da-975a-4ce64d8d1c4c', N'da3e3bb9-abf7-4f2a-a1cc-187b4c23f91f')
INSERT [dbo].[Usuario_Permiso] ([Id_usuario], [Id_permiso]) VALUES (N'00bf5dd5-47e7-49da-975a-4ce64d8d1c4c', N'5e579f36-7059-4212-a80a-30c9b6eb1848')
INSERT [dbo].[Usuario_Permiso] ([Id_usuario], [Id_permiso]) VALUES (N'00bf5dd5-47e7-49da-975a-4ce64d8d1c4c', N'7480d3f6-dc14-4aa9-a232-56563bdc2448')
INSERT [dbo].[Usuario_Permiso] ([Id_usuario], [Id_permiso]) VALUES (N'00bf5dd5-47e7-49da-975a-4ce64d8d1c4c', N'333f943a-4198-4ac0-8cc7-5a01bbb72a2c')
INSERT [dbo].[Usuario_Permiso] ([Id_usuario], [Id_permiso]) VALUES (N'00bf5dd5-47e7-49da-975a-4ce64d8d1c4c', N'f47cd724-9e72-4667-8437-74823fd0bea7')
INSERT [dbo].[Usuario_Permiso] ([Id_usuario], [Id_permiso]) VALUES (N'00bf5dd5-47e7-49da-975a-4ce64d8d1c4c', N'00b1fc06-df21-4a1d-9712-a8edd54bfbd9')
INSERT [dbo].[Usuario_Permiso] ([Id_usuario], [Id_permiso]) VALUES (N'00bf5dd5-47e7-49da-975a-4ce64d8d1c4c', N'1aca42d9-137d-4e29-a37e-b9fab17c7426')
INSERT [dbo].[Usuario_Permiso] ([Id_usuario], [Id_permiso]) VALUES (N'00bf5dd5-47e7-49da-975a-4ce64d8d1c4c', N'923e5de6-8f4c-4894-a313-f10ab2c822e1')
INSERT [dbo].[Usuario_Permiso] ([Id_usuario], [Id_permiso]) VALUES (N'00bf5dd5-47e7-49da-975a-4ce64d8d1c4c', N'5986d467-87e4-4752-96ab-f4b41a0c3ffa')
INSERT [dbo].[Usuario_Permiso] ([Id_usuario], [Id_permiso]) VALUES (N'652ad86e-b4c4-4419-80c4-88877a36cea0', N'da3e3bb9-abf7-4f2a-a1cc-187b4c23f91f')
INSERT [dbo].[Usuario_Permiso] ([Id_usuario], [Id_permiso]) VALUES (N'652ad86e-b4c4-4419-80c4-88877a36cea0', N'5e579f36-7059-4212-a80a-30c9b6eb1848')
INSERT [dbo].[Usuario_Permiso] ([Id_usuario], [Id_permiso]) VALUES (N'652ad86e-b4c4-4419-80c4-88877a36cea0', N'7480d3f6-dc14-4aa9-a232-56563bdc2448')
INSERT [dbo].[Usuario_Permiso] ([Id_usuario], [Id_permiso]) VALUES (N'652ad86e-b4c4-4419-80c4-88877a36cea0', N'333f943a-4198-4ac0-8cc7-5a01bbb72a2c')
INSERT [dbo].[Usuario_Permiso] ([Id_usuario], [Id_permiso]) VALUES (N'652ad86e-b4c4-4419-80c4-88877a36cea0', N'f47cd724-9e72-4667-8437-74823fd0bea7')
INSERT [dbo].[Usuario_Permiso] ([Id_usuario], [Id_permiso]) VALUES (N'652ad86e-b4c4-4419-80c4-88877a36cea0', N'00b1fc06-df21-4a1d-9712-a8edd54bfbd9')
INSERT [dbo].[Usuario_Permiso] ([Id_usuario], [Id_permiso]) VALUES (N'652ad86e-b4c4-4419-80c4-88877a36cea0', N'1aca42d9-137d-4e29-a37e-b9fab17c7426')
INSERT [dbo].[Usuario_Permiso] ([Id_usuario], [Id_permiso]) VALUES (N'652ad86e-b4c4-4419-80c4-88877a36cea0', N'923e5de6-8f4c-4894-a313-f10ab2c822e1')
INSERT [dbo].[Usuario_Permiso] ([Id_usuario], [Id_permiso]) VALUES (N'652ad86e-b4c4-4419-80c4-88877a36cea0', N'5986d467-87e4-4752-96ab-f4b41a0c3ffa')
INSERT [dbo].[Usuario_Permiso] ([Id_usuario], [Id_permiso]) VALUES (N'bae9e34e-b203-4ad0-9b68-ab831e74a423', N'da3e3bb9-abf7-4f2a-a1cc-187b4c23f91f')
INSERT [dbo].[Usuario_Permiso] ([Id_usuario], [Id_permiso]) VALUES (N'bae9e34e-b203-4ad0-9b68-ab831e74a423', N'5e579f36-7059-4212-a80a-30c9b6eb1848')
INSERT [dbo].[Usuario_Permiso] ([Id_usuario], [Id_permiso]) VALUES (N'bae9e34e-b203-4ad0-9b68-ab831e74a423', N'7480d3f6-dc14-4aa9-a232-56563bdc2448')
INSERT [dbo].[Usuario_Permiso] ([Id_usuario], [Id_permiso]) VALUES (N'bae9e34e-b203-4ad0-9b68-ab831e74a423', N'333f943a-4198-4ac0-8cc7-5a01bbb72a2c')
INSERT [dbo].[Usuario_Permiso] ([Id_usuario], [Id_permiso]) VALUES (N'bae9e34e-b203-4ad0-9b68-ab831e74a423', N'f47cd724-9e72-4667-8437-74823fd0bea7')
INSERT [dbo].[Usuario_Permiso] ([Id_usuario], [Id_permiso]) VALUES (N'bae9e34e-b203-4ad0-9b68-ab831e74a423', N'00b1fc06-df21-4a1d-9712-a8edd54bfbd9')
INSERT [dbo].[Usuario_Permiso] ([Id_usuario], [Id_permiso]) VALUES (N'bae9e34e-b203-4ad0-9b68-ab831e74a423', N'1aca42d9-137d-4e29-a37e-b9fab17c7426')
INSERT [dbo].[Usuario_Permiso] ([Id_usuario], [Id_permiso]) VALUES (N'bae9e34e-b203-4ad0-9b68-ab831e74a423', N'923e5de6-8f4c-4894-a313-f10ab2c822e1')
INSERT [dbo].[Usuario_Permiso] ([Id_usuario], [Id_permiso]) VALUES (N'bae9e34e-b203-4ad0-9b68-ab831e74a423', N'5986d467-87e4-4752-96ab-f4b41a0c3ffa')
INSERT [dbo].[Usuario_Permiso] ([Id_usuario], [Id_permiso]) VALUES (N'83362b52-398b-4376-8e6c-cab7f96a732b', N'da3e3bb9-abf7-4f2a-a1cc-187b4c23f91f')
INSERT [dbo].[Usuario_Permiso] ([Id_usuario], [Id_permiso]) VALUES (N'83362b52-398b-4376-8e6c-cab7f96a732b', N'5e579f36-7059-4212-a80a-30c9b6eb1848')
INSERT [dbo].[Usuario_Permiso] ([Id_usuario], [Id_permiso]) VALUES (N'83362b52-398b-4376-8e6c-cab7f96a732b', N'7480d3f6-dc14-4aa9-a232-56563bdc2448')
INSERT [dbo].[Usuario_Permiso] ([Id_usuario], [Id_permiso]) VALUES (N'83362b52-398b-4376-8e6c-cab7f96a732b', N'333f943a-4198-4ac0-8cc7-5a01bbb72a2c')
INSERT [dbo].[Usuario_Permiso] ([Id_usuario], [Id_permiso]) VALUES (N'83362b52-398b-4376-8e6c-cab7f96a732b', N'f47cd724-9e72-4667-8437-74823fd0bea7')
INSERT [dbo].[Usuario_Permiso] ([Id_usuario], [Id_permiso]) VALUES (N'83362b52-398b-4376-8e6c-cab7f96a732b', N'00b1fc06-df21-4a1d-9712-a8edd54bfbd9')
INSERT [dbo].[Usuario_Permiso] ([Id_usuario], [Id_permiso]) VALUES (N'83362b52-398b-4376-8e6c-cab7f96a732b', N'1aca42d9-137d-4e29-a37e-b9fab17c7426')
INSERT [dbo].[Usuario_Permiso] ([Id_usuario], [Id_permiso]) VALUES (N'83362b52-398b-4376-8e6c-cab7f96a732b', N'923e5de6-8f4c-4894-a313-f10ab2c822e1')
INSERT [dbo].[Usuario_Permiso] ([Id_usuario], [Id_permiso]) VALUES (N'83362b52-398b-4376-8e6c-cab7f96a732b', N'5986d467-87e4-4752-96ab-f4b41a0c3ffa')
INSERT [dbo].[Usuario_Permiso] ([Id_usuario], [Id_permiso]) VALUES (N'd20aaf4b-7d4e-4f10-8384-d1c91b9293cc', N'da3e3bb9-abf7-4f2a-a1cc-187b4c23f91f')
INSERT [dbo].[Usuario_Permiso] ([Id_usuario], [Id_permiso]) VALUES (N'd20aaf4b-7d4e-4f10-8384-d1c91b9293cc', N'5e579f36-7059-4212-a80a-30c9b6eb1848')
INSERT [dbo].[Usuario_Permiso] ([Id_usuario], [Id_permiso]) VALUES (N'd20aaf4b-7d4e-4f10-8384-d1c91b9293cc', N'7480d3f6-dc14-4aa9-a232-56563bdc2448')
INSERT [dbo].[Usuario_Permiso] ([Id_usuario], [Id_permiso]) VALUES (N'd20aaf4b-7d4e-4f10-8384-d1c91b9293cc', N'333f943a-4198-4ac0-8cc7-5a01bbb72a2c')
INSERT [dbo].[Usuario_Permiso] ([Id_usuario], [Id_permiso]) VALUES (N'd20aaf4b-7d4e-4f10-8384-d1c91b9293cc', N'f47cd724-9e72-4667-8437-74823fd0bea7')
INSERT [dbo].[Usuario_Permiso] ([Id_usuario], [Id_permiso]) VALUES (N'd20aaf4b-7d4e-4f10-8384-d1c91b9293cc', N'00b1fc06-df21-4a1d-9712-a8edd54bfbd9')
INSERT [dbo].[Usuario_Permiso] ([Id_usuario], [Id_permiso]) VALUES (N'd20aaf4b-7d4e-4f10-8384-d1c91b9293cc', N'1aca42d9-137d-4e29-a37e-b9fab17c7426')
INSERT [dbo].[Usuario_Permiso] ([Id_usuario], [Id_permiso]) VALUES (N'd20aaf4b-7d4e-4f10-8384-d1c91b9293cc', N'923e5de6-8f4c-4894-a313-f10ab2c822e1')
INSERT [dbo].[Usuario_Permiso] ([Id_usuario], [Id_permiso]) VALUES (N'd20aaf4b-7d4e-4f10-8384-d1c91b9293cc', N'5986d467-87e4-4752-96ab-f4b41a0c3ffa')
INSERT [dbo].[Usuario_Permiso] ([Id_usuario], [Id_permiso]) VALUES (N'1eb89fa0-ec5b-4f29-ac71-fcd99a5887e4', N'da3e3bb9-abf7-4f2a-a1cc-187b4c23f91f')
INSERT [dbo].[Usuario_Permiso] ([Id_usuario], [Id_permiso]) VALUES (N'1eb89fa0-ec5b-4f29-ac71-fcd99a5887e4', N'5e579f36-7059-4212-a80a-30c9b6eb1848')
INSERT [dbo].[Usuario_Permiso] ([Id_usuario], [Id_permiso]) VALUES (N'1eb89fa0-ec5b-4f29-ac71-fcd99a5887e4', N'7480d3f6-dc14-4aa9-a232-56563bdc2448')
INSERT [dbo].[Usuario_Permiso] ([Id_usuario], [Id_permiso]) VALUES (N'1eb89fa0-ec5b-4f29-ac71-fcd99a5887e4', N'333f943a-4198-4ac0-8cc7-5a01bbb72a2c')
INSERT [dbo].[Usuario_Permiso] ([Id_usuario], [Id_permiso]) VALUES (N'1eb89fa0-ec5b-4f29-ac71-fcd99a5887e4', N'f47cd724-9e72-4667-8437-74823fd0bea7')
INSERT [dbo].[Usuario_Permiso] ([Id_usuario], [Id_permiso]) VALUES (N'1eb89fa0-ec5b-4f29-ac71-fcd99a5887e4', N'00b1fc06-df21-4a1d-9712-a8edd54bfbd9')
INSERT [dbo].[Usuario_Permiso] ([Id_usuario], [Id_permiso]) VALUES (N'1eb89fa0-ec5b-4f29-ac71-fcd99a5887e4', N'1aca42d9-137d-4e29-a37e-b9fab17c7426')
INSERT [dbo].[Usuario_Permiso] ([Id_usuario], [Id_permiso]) VALUES (N'1eb89fa0-ec5b-4f29-ac71-fcd99a5887e4', N'923e5de6-8f4c-4894-a313-f10ab2c822e1')
INSERT [dbo].[Usuario_Permiso] ([Id_usuario], [Id_permiso]) VALUES (N'1eb89fa0-ec5b-4f29-ac71-fcd99a5887e4', N'5986d467-87e4-4752-96ab-f4b41a0c3ffa')
END;

 